lng,lat
1.58,42.55
54.33,23.91
66.03,33.83
-61.8,17.27
20.06,41.13
44.94,40.29
17.55,-12.3
-65.17,-35.39
14.14,47.59
16.52,47.54
13.92,46.77
15.75,48.27
13.97,48.14
13.08,47.39
15.01,47.27
11.5,47.19
9.9,47.24
16.38,48.21
134.49,-25.73
149,-35.49
147.01,-32.17
133.37,-19.42
144.55,-22.57
135.83,-30.11
146.62,-41.97
144.3,-36.85
122.18,-25.47
47.52,40.3
17.79,44.17
-59.56,13.17
90.28,23.83
4.66,50.64
4.37,50.84
4.37,50.84
4.24,51.04
4.72,51.23
4.59,50.87
5.43,50.99
3.82,51.04
3.06,51.01
5.01,50.31
4.58,50.67
3.96,50.47
5.74,50.52
5.51,49.96
4.85,50.26
-1.75,12.27
25.23,42.76
50.56,26.05
29.92,-3.33
2.34,9.66
114.75,4.52
-64.65,-16.71
-53.07,-10.77
-70.47,-9.21
-36.62,-9.51
-64.65,-4.16
-51.95,1.44
-41.73,-12.47
-39.62,-5.09
-47.8,-15.78
-40.67,-19.57
-49.62,-16.04
-45.29,-5.08
-44.67,-18.46
-54.85,-20.33
-55.91,-12.95
-53.07,-3.97
-36.83,-7.12
-38,-8.33
-42.97,-7.39
-51.63,-24.63
-42.66,-22.2
-36.67,-5.84
-62.84,-10.91
-61.39,2.08
-53.25,-29.75
-50.49,-27.25
-37.44,-10.58
-48.73,-22.26
-48.33,-10.15
-76.54,24.2
90.45,27.4
23.81,-22.19
28.05,53.54
-88.7,17.21
-98.34,61.49
-98.34,61.49
-114.51,55.17
-124.76,54.76
-97.44,54.93
-66.38,46.62
-60.51,52.89
-63.33,45.15
-119,66.36
-88.87,71.02
-86.07,50.44
-63.25,46.39
-71.78,53.38
-105.89,54.42
-135.51,63.63
23.6,-2.86
20.49,6.57
15.22,-0.84
8.24,46.8
8.16,47.41
9.42,47.32
9.37,47.37
7.62,46.82
7.7,47.45
7.62,47.56
7.07,46.72
6.12,46.21
9.07,46.98
9.63,46.66
7.16,47.35
8.11,47.07
6.78,47
8.41,46.93
8.24,46.85
9.27,47.23
8.59,47.71
7.64,47.3
8.76,47.06
9.06,47.56
8.81,46.3
8.63,46.77
6.67,46.58
7.61,46.21
8.54,47.16
8.66,47.41
-5.55,7.62
-71.39,-37.98
12.75,5.69
103.74,36.48
117.23,31.83
116.41,40.19
107.87,30.06
117.99,26.07
113.42,23.34
100.6,37.88
108.79,23.83
106.87,26.82
113.61,33.88
112.27,30.98
116.14,39.55
109.75,19.19
127.75,47.87
111.71,27.61
126.19,43.67
119.47,32.97
115.72,27.61
122.6,41.29
113.92,44.09
106.16,37.27
96.04,35.67
102.69,30.63
118.16,36.35
121.48,31.21
108.87,35.19
112.29,37.57
117.33,39.29
85.18,41.12
88.12,31.69
101.49,24.97
120.1,29.18
-73.08,3.91
-84.2,9.97
-79.03,21.63
-23.98,15.95
33.22,35.06
15.33,49.74
14.47,50.07
14.55,50
14.43,49.09
13.23,49.6
12.75,50.17
13.85,50.53
15,50.7
15.87,50.38
16.19,49.9
15.67,49.41
16.64,49.08
17.19,49.78
17.75,49.22
17.98,49.82
10.39,51.11
13.4,52.47
13.4,52.5
9.05,48.55
11.42,48.95
8.75,53.2
9.03,50.6
10.01,53.55
12.54,53.75
9.16,52.77
7.56,51.48
7.45,49.91
9.81,54.19
6.95,49.38
13.35,51.05
11.7,52.01
11.02,50.9
42.58,11.74
10.05,55.96
-61.35,15.43
-70.5,18.9
2.68,28.15
-78.77,-1.43
25.55,58.67
29.86,26.52
-12.1,24.24
38.84,15.38
-3.65,40.23
-4.57,37.46
-0.66,41.52
-5.99,43.29
-4.03,43.2
-5.34,35.89
-4.78,41.75
-3,39.58
-15.67,28.34
1.53,41.8
-6.15,39.19
-7.91,42.76
2.91,39.57
-1.49,38
-3.72,40.5
-2.95,35.29
-1.65,42.67
-2.62,43.04
-2.52,42.27
-0.55,39.4
39.62,8.64
26.22,64.47
162.53,-17.45
0.32,40.48
5.35,46.1
3.19,46.39
4.43,44.75
2.67,45.05
5.17,44.69
5.57,45.26
4.16,45.73
3.81,45.13
3.14,45.73
4.6,45.89
6.44,45.48
6.43,46.03
4.77,47.43
6.36,47.17
5.7,46.73
3.5,47.12
6.09,47.64
4.54,46.64
3.56,47.84
6.93,47.63
-2.86,48.44
-4.06,48.26
-1.64,48.16
-2.81,47.85
8.99,41.86
9.21,42.39
2.49,47.07
1.37,48.39
1.58,46.78
0.69,47.26
1.43,47.62
2.34,47.91
4.64,49.62
4.16,48.3
4.24,48.95
5.23,48.11
6.16,48.79
5.38,48.99
6.66,49.04
7.55,48.67
7.27,47.86
6.38,48.2
3.56,49.56
3.22,50.45
2.43,49.41
2.29,50.49
2.28,49.96
2.34,48.86
2.93,48.63
1.84,48.82
2.24,48.52
2.25,48.85
2.48,48.92
2.47,48.78
2.13,49.08
0.2,45.72
-0.68,45.78
1.88,45.36
2.02,46.09
0.74,45.1
-0.58,44.82
-0.78,43.97
0.46,44.37
-0.76,43.26
-0.32,46.56
0.46,46.56
1.23,45.89
-0.36,49.1
1,49.11
-1.33,49.08
0.13,48.62
1.03,49.65
1.5,42.92
2.41,43.1
2.68,44.28
4.18,43.99
1.17,43.36
0.45,43.69
3.37,43.58
1.61,44.62
3.5,44.52
0.16,43.05
2.52,42.6
2.17,43.79
1.28,44.09
6.24,44.11
6.27,44.66
7.12,43.94
5.09,43.54
6.24,43.44
5.18,44.01
-1.68,47.36
-0.56,47.39
-0.66,48.15
0.22,47.99
-1.3,46.67
2.55,46.56
4.54,45.51
4.81,47.23
-2.84,48.18
9.11,42.15
1.68,47.48
5.61,48.69
2.77,49.97
2.5,48.71
0.21,45.21
0.11,49.12
2.14,43.7
6.06,43.96
-0.82,47.48
11.79,-0.6
-2.89,54.15
-4.18,56.84
-61.66,12.15
43.51,42.18
-53.24,3.92
-1.21,7.96
-41.29,74.75
-15.43,13.45
-10.93,10.44
-61.54,16.2
10.34,1.7
22.99,39.05
-90.36,15.7
-14.98,12.01
-58.98,4.79
114.13,22.38
-86.61,14.82
16.4,45.04
-72.69,18.94
19.41,47.17
18.21,46.04
21.01,46.73
19.38,46.57
19.11,47.48
20.97,48.2
20.24,46.43
18.54,47.13
17.28,47.64
21.46,47.47
20.19,47.79
20.42,47.26
18.31,47.61
19.52,47.99
19.36,47.41
17.61,46.45
22.08,47.99
18.54,46.51
16.75,47.15
17.64,47.13
16.89,46.69
117.28,-2.23
-8.15,53.18
-9.03,52.85
-7.35,53.99
-8.84,51.92
-6.82,52.73
-6.28,53.39
-7.9,54.92
-8.95,53.36
-6.82,53.19
-7.23,52.57
-9.72,52.11
-7.73,53.71
-6.41,53.91
-8.74,52.49
-8.02,54.14
-7.36,52.98
-6.73,53.63
-6.92,54.16
-9.38,53.92
-7.6,53.21
-8.25,53.72
-8.62,54.16
-7.96,52.64
-7.6,52.17
-7.44,53.53
-6.37,52.98
-6.57,52.46
35.01,31.45
79.64,22.89
92.95,11.25
79.96,15.75
94.7,28.04
92.83,26.36
85.61,25.68
76.78,30.73
82.04,21.27
77.11,28.64
73.07,20.2
74.05,15.36
71.63,22.68
77.24,31.93
76.34,29.2
85.56,23.66
75.11,33.56
76.17,14.71
76.41,10.45
77.58,33.97
72.95,10.48
76.11,19.45
91.28,25.53
93.88,24.74
78.29,23.54
92.83,23.31
94.47,26.06
84.43,20.51
75.42,30.84
79.82,11.86
73.85,26.58
88.47,27.57
79.01,17.8
78.41,11.01
91.74,23.75
80.57,26.92
79.21,30.16
87.98,23.81
43.76,33.05
54.3,32.56
-18.58,64.98
12.08,42.8
12.08,42.8
7.92,45.06
7.39,45.73
9.77,45.62
11.28,46.44
11.86,45.65
13.05,46.15
8.7,44.26
11.04,44.53
11.13,43.45
12.49,42.97
13.14,43.35
12.77,41.98
13.86,42.23
14.6,41.68
14.84,40.86
16.62,40.98
16.08,40.5
16.35,39.07
14.15,37.59
8.95,39.43
-77.31,18.16
36.79,31.25
137.96,37.54
142.56,43.39
142.56,43.39
140.83,40.78
140.93,38.45
140.41,39.75
140.1,38.45
140.22,37.38
140.32,36.31
139.82,36.69
138.98,36.51
139.34,36
140.2,35.52
139.56,35.07
139.34,35.42
138.92,37.52
137.27,36.64
136.77,36.77
136.23,35.85
138.61,35.62
138.04,36.14
137.05,35.78
138.33,35.02
137.21,35.04
136.38,34.52
136.14,35.22
135.44,35.25
135.51,34.62
134.83,35.04
135.87,34.32
135.51,33.91
133.85,35.36
132.56,35.08
133.81,34.9
132.79,34.61
131.53,34.22
134.24,33.92
133.99,34.25
132.86,33.63
133.37,33.42
130.67,33.53
130.11,33.29
129.61,33.23
130.75,32.62
131.43,33.2
131.3,32.2
130.43,31.03
126.68,25.77
37.9,0.5
74.52,41.46
104.92,12.71
43.68,-11.89
-62.7,17.27
127.79,36.36
127.79,36.36
126.99,37.55
129.06,35.2
128.57,35.83
126.38,37.58
126.84,35.16
127.39,36.34
129.24,35.55
127.17,37.53
128.3,37.73
127.83,36.74
126.85,36.53
127.14,35.72
126.9,34.87
128.75,36.35
128.26,35.32
126.55,33.39
127.26,36.56
47.61,29.35
67.3,48.16
103.77,18.5
35.89,33.92
-60.97,13.9
9.55,47.14
80.7,7.62
-9.31,6.45
28.25,-29.58
23.9,55.34
24.12,54.22
21.51,55.75
23.88,55.08
23.17,54.7
24.8,55.92
23.31,55.94
22.45,55.3
22.16,56
25.7,55.48
25.23,54.82
6.09,49.78
24.93,56.85
27.1,56.11
25.23,56.64
21.57,56.72
25.81,56.15
24.84,57.8
21.55,56.98
27.15,57.41
25.32,57.1
26.52,57.47
22.96,56.46
24.38,57.11
23.77,56.9
24.37,56.73
27.61,56.92
27.32,57.03
24.28,56.4
25.6,57.52
22.66,56.71
25.36,57.7
24.25,57.12
26.28,57.01
25.41,57.24
27.87,56.59
27.64,56.12
26.62,55.92
23.2,56.63
22.4,57.57
21.4,56.61
23.29,57.04
25.67,56.9
24.38,57.03
21.24,56.49
26.6,57.18
24.21,56.61
24.58,56.86
26.15,56.01
24.65,57.1
25.3,56.51
25.97,57.15
22.94,56.76
23.65,56.58
25.99,56.28
22.71,56.96
27.68,56.76
25.19,57.54
25.46,56.71
27.32,55.92
24.79,57.27
26.17,56.55
21.98,56.95
24.75,56.68
24.24,56.8
24.96,56.72
24.69,57.52
25.06,57.19
26.35,56.37
26.72,56.91
27.83,56.39
26.27,56.83
25.03,57.91
24.97,56.99
23.96,56.89
23.04,57.33
25.48,57.91
25.15,56.32
21.09,56.35
25.13,56.85
23.98,56.78
23.93,56.65
25.07,57.37
21.23,56.81
25.72,56.68
26.69,56.27
21.56,56.43
25.47,57.35
25.77,57.29
27.25,56.5
26.83,56.36
22.75,57.49
24.6,56.97
21.22,56.22
27.1,56.98
23.97,56.41
25.28,57.94
25.71,56.48
24.48,57.7
24.35,56.87
22.39,56.58
24.42,57.25
24.55,57.21
24.89,57.09
25.1,56.67
21.99,56.66
26.01,57.41
24.32,56.93
25.78,57.63
22.61,57.26
23.31,56.44
23.12,56.94
21.83,56.45
25.95,57.72
26.61,56.63
26.5,56.23
25.7,57.1
24.64,56.52
21.86,57.32
25.52,56.3
27.65,57.18
26.9,56.56
28.09,56.3
26.54,55.89
23.72,56.65
25.87,56.5
23.69,56.96
21.04,56.54
27.34,56.51
24.12,56.98
21.6,57.41
25.42,57.53
18.03,27.05
-8.46,29.75
7.42,43.74
28.47,47.2
19.25,42.8
46.7,-19.38
168.9,8.64
21.71,41.61
-3.52,17.35
96.51,21.11
95.32,24.17
96.11,18.31
94.82,20.48
95.95,21.55
98.75,12.66
96.15,16.96
95.12,16.88
97.34,26.08
97.37,19.23
97.79,17.15
93.51,22.17
97.58,16.4
93.72,19.74
98.12,21.72
96.15,19.85
103.07,46.84
113.56,22.16
-61.02,14.65
-10.34,20.26
14.4,35.92
57.88,-20.13
73.23,3.83
34.26,-13.54
-102.54,23.95
-102.36,22.01
-115.1,30.55
-112.05,25.93
-90.31,18.85
-106.47,28.81
-92.47,16.49
-99.14,19.28
-102.04,27.3
-104.11,19.13
-104.91,24.92
-99.92,17.67
-101.01,20.91
-98.89,20.48
-103.61,20.58
-99.65,19.36
-101.88,19.21
-99.07,18.74
-104.85,21.8
-99.97,25.57
-96.44,16.96
-97.9,19
-99.85,20.86
-88.12,19.63
-107.48,25
-100.42,22.59
-110.81,29.69
-92.59,17.94
-98.67,24.28
-98.17,19.43
-96.41,19.37
-88.92,20.74
-102.66,23.29
109.71,3.79
35.56,-17.3
17.22,-22.14
9.4,17.42
8.1,9.59
7.52,5.46
12.4,9.33
7.85,4.91
6.94,6.23
9.99,10.78
8.74,7.33
13.15,11.88
6.07,4.77
8.6,5.87
5.94,5.71
8.02,6.26
5.93,6.63
5.31,7.72
7.44,6.53
7.18,8.9
11.18,10.37
7.06,5.57
9.57,12.23
7.71,10.37
4.53,11.71
8.53,11.74
6.69,7.73
7.63,12.38
4.38,8.97
3.59,6.52
8.19,8.5
5.59,9.92
3.48,6.99
5.15,6.92
4.52,7.56
3.61,8.16
9.52,9.22
6.91,4.86
5.32,13.05
10.78,8.02
11.43,12.3
6.23,12.11
-85.04,12.85
4.4,51.64
6.62,52.86
5.52,52.55
5.79,53.09
5.94,52.06
6.74,53.22
5.93,51.21
5.18,51.56
4.92,52.6
6.44,52.44
5.16,52.08
3.86,51.48
4.46,51.94
15.37,68.72
83.95,28.26
171.51,-41.8
171.51,-41.8
174.73,-36.71
176.82,-38.16
171.55,-43.58
176.75,-39.39
175.56,-39.75
173.39,-41.25
173.83,-35.51
174.43,-39.33
175.5,-38.04
170.87,-42.79
56.1,20.6
-80.12,8.51
-82.59,9.22
-79.9,8.82
-80.43,8.55
-80,9.19
-82.4,8.48
-77.91,8.16
-80.71,7.88
-80.39,7.59
-78.85,9.05
-81.14,8.08
-77.76,8.23
-78.3,9.16
-81.77,8.66
-74.38,-9.15
145.25,-6.47
122.87,11.75
69.38,29.99
19.4,52.12
16.41,51.09
18.49,53.07
22.9,51.22
15.34,52.2
19.42,51.6
20.27,49.86
21.1,52.35
17.9,50.65
22.17,49.95
22.93,53.26
17.97,54.15
18.99,50.33
20.77,50.76
20.83,53.85
17.24,52.33
15.56,53.58
-66.47,18.22
-66.75,18.18
-67.18,18.36
-67.12,18.46
-66.13,18.25
-66.26,18.13
-67.12,18.29
-66.68,18.41
-66.06,18
-66.56,18.45
-66.31,18.2
-66.17,18.35
-67.15,18.04
-66.05,18.21
-66.86,18.42
-65.89,18.33
-65.96,18.38
-66.14,18.44
-66.15,18.1
-65.66,18.25
-66.52,18.29
-66.16,18.17
-66.36,18.1
-66.22,18.22
-66.33,18.3
-65.29,18.31
-66.28,18.44
-65.67,18.32
-66.56,18.37
-66.92,17.98
-66.14,18
-66.79,18.04
-66.11,18.34
-65.98,18.27
-66.8,18.41
-67.11,18.13
-65.81,18.15
-67.01,18.45
-66.59,18.21
-66.5,18.05
-65.91,18.22
-67.04,18.01
-66.87,18.27
-66.98,18.24
-65.87,18.19
-65.9,18.43
-65.72,18.34
-66.49,18.42
-66.94,18.17
-65.92,18.02
-67.33,18.18
-67.08,18.38
-66.42,18.32
-65.75,18.23
-66.25,18.29
-66.43,18.21
-66.01,18.03
-66.72,18.06
-66.61,18.06
-66.93,18.44
-67.23,18.34
-65.81,18.35
-66.94,18.08
-66.26,18.01
-67.04,18.11
-66.06,18.39
-65.98,18.15
-66.97,18.33
-66.39,17.99
-66.25,18.36
-66.21,18.43
-66,18.34
-66.7,18.27
-66.34,18.41
-66.4,18.43
-65.44,18.12
-66.47,18.13
-65.9,18.07
-66.86,18.08
35.2,31.92
-8.52,39.6
-58.39,-23.23
51.19,25.29
55.53,-21.13
24.98,45.84
20.79,44.23
96.67,61.99
39.99,44.6
87.02,50.74
82.61,52.61
127.73,53.41
48.34,67.8
47.31,47.02
56.53,54.27
37.49,50.67
33.42,52.91
109.51,53.56
45.73,43.3
60.4,54.45
113.45,66.51
34.35,45.32
47.09,55.49
46.87,43.02
44.87,43.18
106.36,57.1
41.56,56.99
163.03,58.93
43.41,43.49
41.75,43.77
39.46,45.26
87.21,54.78
21.45,54.71
64.81,55.45
137.32,54.83
70.29,61.86
49.83,58.68
89.89,53.39
45.24,46.47
35.45,54.37
54.79,64.13
43.79,58.46
33.13,63.55
36.1,51.68
95.99,67.48
31.71,60.02
39.15,52.64
154,62.7
47.94,56.58
44.46,54.36
37.66,55.67
37.36,55.56
34.58,67.81
54.95,67.88
32.49,58.31
44.61,56.31
79.77,55.28
73.34,56.1
55.63,51.99
36.48,52.78
56.23,59.12
44.63,53.18
134.76,45.18
29.23,57.24
41.31,47.74
40.63,54.33
130.14,66.18
143.62,49.93
50.46,53.28
46.8,51.58
44.26,43.09
33.66,44.57
33,54.96
30.21,59.92
43.34,44.95
61.53,58.59
50.92,55.35
41.59,52.68
82.14,58.49
37.58,53.89
34.7,57.09
94.79,51.58
69.14,57.68
52.8,57.17
47.95,53.89
44.15,49.62
40.68,56.01
40.5,59.97
40.23,50.97
74.53,67.13
39.14,57.86
132.26,48.52
116.2,52.85
29.96,-2
44.55,24.12
45.57,23.06
41.21,21.63
39.49,24.92
50.13,22.94
43.29,26.13
41.4,27.35
37.32,27.92
42.07,30.02
42.61,17.36
45.83,18.28
41.41,20.11
39.58,29.99
42.99,19.27
159.56,-8.88
51.8,-6.73
29.95,15.99
16.76,62.78
18.16,59.47
17.83,64.87
20.09,66.95
17.59,60.06
16.69,59.08
15.67,58.36
14.41,57.53
14.57,56.79
16.13,57.2
18.54,57.51
15.2,56.28
13.6,55.95
12.84,56.96
12.83,58.31
13.15,59.77
14.97,59.36
16.16,59.75
14.35,60.96
16.29,61.45
17.26,63.1
14.31,63.26
103.82,1.35
14.82,46.12
13.91,45.9
16.23,46.61
14.08,46.35
13.92,46.29
14.38,45.91
13.62,46.36
13.55,46.01
14.42,45.95
15.62,45.93
16.08,46.66
15.27,46.25
14.5,46.25
14.38,45.8
13.97,46.12
16.3,46.56
14.83,46.46
15.2,45.52
15.88,46.48
14.03,45.69
14.74,45.82
14.31,46.06
14.67,46.09
14.63,46.15
15.99,46.45
15.03,46.6
15.77,46.51
14.14,46.11
16.01,46.41
15.96,46.64
14.79,46.29
16.21,46.81
14.67,45.94
16.26,46.83
15.12,46.13
14.01,45.57
14,45.99
14.52,45.93
14.29,45.57
14.81,45.92
13.66,45.51
14.07,46.45
15.97,46.49
14.68,46.26
13.65,46.08
15.75,46.4
13.56,46.25
16.39,46.68
14.9,45.62
13.75,45.81
13.84,45.51
15.55,46.07
14.33,46.26
13.85,46.46
15.46,45.96
15.6,46.65
16.09,46.84
15.26,46.13
15.82,46.56
16.44,46.56
14.92,46.06
14.56,46.05
14.84,46.37
16.16,46.52
14.19,45.93
14.48,45.67
14.64,45.66
14.73,46.36
14.77,46.18
15.74,46.32
15.63,46.56
14.4,46.13
14.56,46.16
15.3,45.66
14.86,46.52
13.64,45.85
15.22,46.45
14.76,46.13
16.27,46.71
14.96,46.36
16.15,46.65
15.14,46.63
14.3,46.29
14.91,46.28
13.74,45.98
15.19,45.78
16.27,46.59
16.15,46.44
14.73,45.55
15.71,46.62
13.63,45.49
14.24,45.68
15.59,46.14
15.36,46.6
14.17,45.79
14.46,46.32
15.87,46.44
16.13,46.74
15.65,46.45
15.14,46.06
16.04,46.62
15.24,46.6
14.2,46.34
14.96,46.55
14.72,45.73
16.03,46.8
15.63,46.25
15.74,46.24
15.49,46.52
15.14,45.65
15.27,46.01
13.88,45.74
15.08,46.49
15.53,46.41
15.46,46.32
15.76,46.46
16.02,46.56
14.43,46.24
15.72,46.68
15.33,45.83
15.42,46.19
15.3,45.92
14.28,46.16
14.57,45.97
15.52,46.21
15.03,46.34
15,46.41
15.32,46.2
13.81,46.17
15.05,46.14
14.97,45.91
14.33,46.39
16.31,46.62
15.13,46.37
14.59,45.84
15.89,46.35
13.98,45.82
15.29,46.4
14.49,46.17
15.31,46.32
14.29,45.96
15.16,46.57
14.95,46.13
16.05,46.36
15.37,46.4
14.11,46.22
14.12,46.05
15.89,46.62
15.65,46.06
14.51,45.78
15.03,46.28
16.02,46.74
15.94,46.56
15.4,46.13
15.22,46.36
16.35,46.65
15.03,45.72
16.09,46.79
15.83,46.42
15.63,46.49
16.32,46.83
14.29,46.02
14.48,46.39
14.54,46.2
14.86,45.5
16.12,46.56
15.38,46.53
15.95,46.39
15.71,46.49
15.08,45.85
15.45,46.39
15.87,46.32
15.08,46.3
15.09,46.22
14.89,46.55
16.27,46.52
15.26,46.52
15.48,46.59
14.62,45.76
14.66,46.4
15.84,46.65
15.95,46.52
13.65,45.92
15.01,46.22
15.89,46.52
14.55,46.13
16.35,46.58
16.16,46.58
14.94,46.24
15.17,46.26
15.8,46.28
14.17,46.41
14.93,45.81
14.85,46.02
15.87,46.69
16,46.34
15.42,45.84
15.67,46.32
15.16,45.92
15.6,46.31
13.68,45.89
16.26,46.4
15.09,45.78
15.89,46.57
16.07,46.48
15.24,45.88
13.98,46.39
14.37,46.01
14.9,46.33
15.79,46.61
15.09,45.98
15.06,45.95
13.74,45.58
19.48,48.71
-11.79,8.56
12.46,43.94
-14.47,14.36
45.87,6.06
-55.91,4.14
30.17,7.37
6.71,0.43
-88.87,13.74
38.51,35.03
31.5,-26.57
18.67,15.38
0.98,8.53
101.01,15.1
101.01,15.1
100.62,13.77
100.71,13.6
100.39,13.93
100.68,14.07
100.53,14.34
100.36,14.62
100.88,15.09
100.35,14.92
100.02,15.13
101,14.62
101.2,13.19
101.42,12.85
102.13,12.86
102.52,12.31
101.45,13.6
101.69,14.04
101.18,14.22
102.35,13.76
102.12,14.96
102.96,14.82
103.66,14.89
104.38,14.85
105.11,15.19
104.34,15.89
101.8,16.01
104.74,15.9
103.71,18.15
102.3,17.18
102.59,16.4
102.86,17.43
101.63,17.41
102.83,17.94
103.18,15.99
103.83,15.92
103.63,16.63
103.82,17.39
104.43,17.38
104.52,16.56
98.73,18.79
98.96,18.13
99.51,18.34
100.52,17.75
100.06,18.19
100.83,18.85
100.18,19.23
99.87,19.85
98.03,18.75
100.14,15.69
99.47,15.34
99.52,16.34
98.81,16.66
99.7,17.25
100.54,16.98
100.36,16.24
101.15,16.27
99.58,13.53
99.05,14.59
99.9,14.61
100.11,13.92
100.22,13.57
99.96,13.39
99.62,12.94
99.63,11.93
99.78,8.37
99.01,8.14
98.42,8.68
98.35,7.96
99.09,9.06
98.7,9.97
99.06,10.35
100.54,6.94
99.93,6.82
99.61,7.52
100.07,7.51
101.35,6.73
101.23,6.19
101.72,6.17
71,38.53
125.85,-8.82
9.58,34.11
35.17,39.06
-61.26,10.47
120.96,23.75
34.98,-6.44
31.27,49.17
28.69,48.92
24.87,51.19
39.02,48.99
34.84,48.3
37.67,48.05
28.48,50.64
23.28,48.4
35.7,47.27
24.62,48.7
30.55,50.45
32.08,48.47
23.92,49.72
31.78,47.45
29.86,46.73
33.78,49.73
26.39,51.04
34.12,51.11
25.65,49.4
36.5,49.61
33.58,46.69
26.93,49.51
31.35,49.26
32,51.36
25.98,48.27
32.34,1.51
-112.87,45.67
-152.23,64.24
-161.98,55.37
-106.58,52.8
-149.11,61.15
-159.82,60.91
-156.7,58.74
-150.01,63.67
-158.24,59.8
-146.57,64.81
-135.5,59.12
-135.64,58.29
-134.17,58.45
-151.57,60.27
-130.93,55.59
-153.78,57.68
-163.38,62.16
-156.19,58.65
-149.57,62.32
-164.03,64.91
-153.48,69.31
-159.72,67.05
-132.93,57.12
-133.02,55.8
-135.32,57.24
-135.34,59.56
-143.21,63.88
-144.47,61.56
-132.02,56.33
-140.36,59.89
-151.39,65.51
-86.83,32.79
-86.64,32.53
-87.72,30.73
-85.39,31.87
-87.13,33
-86.57,33.98
-85.72,32.1
-86.68,31.75
-85.83,33.77
-85.39,32.91
-85.6,34.18
-86.72,32.85
-88.26,32.02
-87.83,31.68
-85.86,33.27
-85.52,33.67
-85.99,31.4
-87.81,34.7
-86.99,31.43
-86.25,32.94
-86.45,31.25
-86.31,31.73
-86.87,34.13
-85.61,31.43
-87.11,32.33
-85.8,34.46
-86.15,32.6
-87.16,31.13
-86.03,34.05
-87.74,33.72
-87.84,34.44
-85.84,31.09
-87.95,32.85
-87.63,32.76
-85.24,31.51
-85.3,31.15
-86,34.78
-86.9,33.55
-88.1,33.78
-87.65,34.9
-87.31,34.52
-85.36,32.6
-86.98,34.81
-86.65,32.15
-85.69,32.39
-86.55,34.76
-87.79,32.25
-87.89,34.14
-86.31,34.37
-88.21,30.79
-87.37,31.57
-86.21,32.22
-86.85,34.45
-87.29,32.64
-88.09,33.28
-85.94,31.8
-85.46,33.29
-85.18,32.29
-86.31,33.72
-86.66,33.26
-88.2,32.59
-86.17,33.38
-85.8,32.86
-87.53,33.29
-87.3,33.8
-88.21,31.41
-87.31,31.99
-87.37,34.15
-92.44,34.9
-92.44,34.9
-91.37,34.29
-91.77,33.19
-92.34,36.29
-94.26,36.34
-93.09,36.31
-92.16,33.47
-92.5,33.56
-93.54,36.34
-91.29,33.27
-93.18,34.05
-90.42,36.37
-92.03,35.54
-92.19,33.9
-93.23,33.21
-92.7,35.26
-90.63,35.83
-94.24,35.59
-90.31,35.21
-90.77,35.3
-92.65,33.97
-91.25,33.83
-91.72,33.59
-92.33,35.15
-93.89,35.51
-91.82,36.38
-93.15,34.58
-92.42,34.29
-90.56,36.12
-93.67,33.74
-92.95,34.32
-93.99,34.09
-91.57,35.74
-91.91,36.09
-91.21,35.6
-91.93,34.27
-93.46,35.57
-93.61,33.24
-91.11,36.04
-90.78,34.78
-91.73,33.96
-94.23,33.7
-93.72,35.22
-91.89,34.75
-93.72,36.01
-92.68,36.27
-93.89,33.31
-90.05,35.76
-91.2,34.68
-93.66,34.54
-93.31,33.66
-93.22,35.92
-92.88,33.59
-92.93,34.95
-90.85,34.43
-93.66,34.16
-90.66,35.57
-94.23,34.49
-93.03,35.45
-91.55,34.83
-92.31,34.77
-91.03,36.34
-90.75,35.02
-92.68,34.65
-94.06,34.86
-92.7,35.91
-94.27,35.2
-94.24,34
-91.48,36.16
-92.16,35.86
-92.6,33.17
-92.52,35.58
-94.22,35.98
-91.75,35.26
-91.24,35.19
-93.41,35
-170.37,-14.22
-111.66,34.29
-109.49,35.4
-109.75,31.88
-111.77,35.84
-110.81,33.8
-109.89,32.93
-109.24,33.22
-113.98,33.73
-112.49,33.35
-113.76,35.7
-110.32,35.4
-111.79,32.1
-111.34,32.9
-110.85,31.53
-112.55,34.6
-113.91,32.77
-119.61,37.25
-121.89,37.65
-119.82,38.6
-120.65,38.45
-121.6,39.67
-120.55,38.2
-122.24,39.18
-121.93,37.92
-123.9,41.74
-120.52,38.78
-119.65,36.76
-122.39,39.6
-123.88,40.7
-115.37,33.04
-117.41,36.51
-118.73,35.34
-119.82,36.08
-122.75,39.1
-120.59,40.67
-118.22,34.32
-119.76,37.22
-122.72,38.07
-119.91,37.58
-123.39,39.44
-120.72,37.19
-120.72,41.59
-118.89,37.94
-121.24,36.22
-122.33,38.51
-120.77,39.3
-117.76,33.7
-120.72,39.06
-120.84,40
-115.99,33.74
-121.34,38.45
-121.07,36.61
-116.18,34.84
-116.74,33.03
-122.44,37.76
-121.27,37.93
-120.4,35.39
-122.33,37.42
-120.02,34.67
-121.7,37.23
-122,37.06
-122.04,40.76
-120.52,39.58
-122.54,41.59
-121.93,38.27
-122.89,38.53
-121,37.56
-121.69,39.03
-122.23,40.13
-123.11,40.65
-118.8,36.22
-119.95,38.03
-119.08,34.46
-121.9,38.69
-121.35,39.27
-105.55,39
-104.34,39.87
-105.79,37.57
-104.34,39.65
-107.05,37.19
-102.56,37.32
-103.07,37.96
-105.36,40.09
-105.05,39.95
-106.19,38.75
-102.6,38.83
-105.64,39.69
-106.19,37.2
-105.43,37.28
-103.78,38.33
-105.37,38.11
-107.86,38.86
-104.88,39.76
-108.52,37.75
-104.93,39.33
-106.7,39.63
-104.14,39.29
-104.53,38.83
-105.44,38.47
-107.9,39.6
-105.52,39.86
-106.12,40.1
-107.03,38.67
-107.3,37.82
-104.96,37.68
-106.34,40.67
-105.25,39.59
-102.74,38.43
-102.6,39.31
-106.34,39.2
-107.84,37.29
-105.46,40.67
-104.04,37.32
-103.51,38.99
-103.11,40.72
-108.47,39.02
-106.92,37.67
-108.21,40.62
-108.6,37.34
-108.27,38.4
-103.81,40.26
-103.72,37.9
-107.77,38.16
-105.72,39.12
-102.36,40.59
-106.92,39.22
-102.39,37.96
-104.51,38.17
-108.22,39.98
-106.38,37.58
-106.99,40.49
-106.28,38.08
-107.68,37.76
-108.41,38
-102.35,40.88
-106.12,39.63
-105.16,38.88
-103.2,39.97
-104.39,40.55
-102.42,40
-72.73,41.62
-73.39,41.27
-72.73,41.81
-73.25,41.79
-72.54,41.46
-72.93,41.41
-72.1,41.49
-72.34,41.86
-71.99,41.83
-77.02,38.9
-77.02,38.9
-75.5,38.99
-75.57,39.09
-75.65,39.58
-75.39,38.66
-82.5,28.66
-82.36,29.67
-82.28,30.33
-85.62,30.27
-82.17,29.95
-80.73,28.29
-80.49,26.15
-85.2,30.41
-81.91,26.91
-82.48,28.85
-81.86,29.98
-81.35,26.11
-82.62,30.22
-81.81,27.19
-83.16,29.61
-81.67,30.33
-87.36,30.67
-81.31,29.46
-84.81,29.88
-84.61,30.58
-82.8,29.73
-81.19,26.96
-85.23,29.96
-82.95,30.5
-81.81,27.49
-81.17,26.55
-82.42,28.55
-81.34,27.34
-82.31,27.93
-85.81,30.87
-80.61,27.69
-85.22,30.8
-83.9,30.44
-83.18,29.99
-81.71,28.76
-81.83,26.58
-84.28,30.46
-82.74,29.32
-84.88,30.24
-83.47,30.44
-82.32,27.47
-82.06,29.21
-80.43,27.08
-80.56,25.61
-81.11,25.32
-81.8,30.61
-86.59,30.69
-80.89,27.39
-81.32,28.51
-81.15,28.06
-80.47,26.65
-82.39,28.31
-82.73,27.92
-81.7,27.95
-81.74,29.61
-81.44,29.9
-80.47,27.38
-87.02,30.7
-82.33,27.18
-81.24,28.72
-82.08,28.7
-82.99,30.2
-83.6,30.05
-82.37,30.04
-81.18,29.06
-84.4,30.17
-86.17,30.64
-85.67,30.61
-83.45,32.65
-83.45,32.65
-82.29,31.75
-82.88,31.3
-82.45,31.55
-84.44,31.33
-83.25,33.07
-83.5,34.35
-83.71,33.99
-84.84,34.24
-83.22,31.76
-83.23,31.28
-83.7,32.81
-83.33,32.43
-81.98,31.2
-83.58,30.84
-81.44,32.01
-81.74,32.4
-82,33.06
-83.96,33.29
-84.62,31.53
-81.67,30.93
-82.07,32.4
-85.08,33.58
-85.14,34.9
-82.14,30.78
-81.13,32
-84.79,32.35
-85.35,34.47
-84.48,34.24
-83.37,33.95
-84.98,31.63
-84.36,33.54
-82.71,30.91
-84.58,33.94
-82.85,31.55
-83.77,31.19
-82.26,33.54
-83.43,31.15
-84.76,33.35
-83.99,32.71
-83.77,31.92
-85.5,34.85
-84.17,34.44
-84.58,30.88
-84.23,33.77
-83.17,32.17
-83.8,32.16
-84.22,31.53
-84.77,33.7
-84.9,31.32
-82.89,30.71
-81.34,32.37
-82.84,34.12
-82.3,32.59
-81.89,32.16
-84.32,34.86
-84.49,33.41
-85.21,34.26
-84.13,34.23
-83.23,34.38
-84.47,33.79
-84.46,34.69
-82.61,33.23
-81.54,31.23
-84.88,34.5
-84.23,30.87
-83.17,33.58
-84.02,33.96
-83.53,34.63
-83.82,34.32
-83,33.27
-85.21,33.79
-84.91,32.74
-82.96,34.35
-85.13,33.3
-84.15,33.45
-83.67,32.46
-83.28,31.6
-83.57,34.13
-83.69,33.32
-82.64,31.81
-82.42,33.05
-81.96,32.79
-82.66,32.7
-83.56,33.03
-84.14,33.08
-83.06,31.04
-82.92,32.46
-84.14,31.78
-81.49,31.83
-82.45,33.79
-81.75,31.75
-83.27,30.83
-84,34.57
-82.48,33.48
-81.41,31.5
-84.04,32.36
-83.21,34.13
-84.52,32.35
-84.69,33.04
-84.73,31.16
-84.19,31.23
-83.92,33.01
-82.53,32.17
-83.49,33.59
-84.75,34.79
-84.88,32.51
-83.85,33.56
-83.44,33.83
-83.08,33.88
-84.87,33.92
-83.83,32.57
-84.47,34.46
-82.21,31.36
-84.39,33.09
-85.19,34
-83.48,32.23
-83.37,33.32
-85.02,31.87
-83.4,34.88
-84.75,31.76
-82.07,33.36
-84.03,33.65
-84.31,32.26
-81.61,32.75
-84.87,30.94
-84.28,33.26
-83.29,34.55
-84.84,32.08
-84.2,32.04
-84.53,32.7
-82.88,33.57
-82.06,32.05
-84.25,32.56
-82.94,31.93
-84.44,31.78
-83.92,30.86
-83.53,31.46
-82.33,32.12
-83.74,34.92
-82.57,32.4
-85.03,33.03
-83.62,31.72
-83.43,32.67
-83.99,34.83
-84.3,32.88
-85.3,34.74
-83.73,33.78
-82.42,31.05
-82.68,33.41
-82.8,32.97
-81.92,31.55
-84.55,32.05
-82.72,32.12
-83.75,34.65
-84.97,34.81
-83.43,31.97
-82.74,33.78
-83.17,32.8
-83.85,31.55
144.78,13.44
-156.35,20.25
-155.52,19.6
-158.11,21.5
-156.95,21.17
-159.6,22.04
-156.56,20.86
-93.5,42.07
-93.5,42.07
-94.47,41.33
-94.7,41.03
-91.38,43.28
-92.87,40.74
-94.91,41.68
-92.07,42.08
-92.31,42.47
-93.93,42.04
-92.32,42.77
-91.84,42.47
-95.15,42.74
-92.79,42.73
-94.64,42.39
-94.86,42.04
-94.93,41.33
-91.13,41.77
-93.26,43.08
-95.62,42.74
-92.32,43.06
-93.79,41.03
-95.15,43.08
-91.34,42.84
-90.53,41.9
-95.38,42.04
-94.04,41.68
-92.41,40.75
-93.79,40.74
-91.37,42.47
-91.18,40.92
-95.15,43.38
-90.88,42.47
-94.68,43.38
-91.84,42.86
-92.79,43.06
-93.26,42.73
-95.6,40.75
-94.4,42.04
-92.79,42.4
-94.5,41.68
-93.71,42.38
-93.73,43.08
-93.24,42.38
-95.82,41.68
-91.54,40.99
-92.32,43.36
-94.21,42.78
-95.51,42.39
-92.07,41.69
-90.57,42.17
-93.05,41.69
-91.95,41.03
-91.59,41.67
-91.13,42.12
-92.18,41.34
-94.21,43.2
-91.48,40.64
-91.6,42.08
-91.26,41.22
-93.33,41.03
-96.21,43.38
-94.02,41.33
-92.64,41.34
-93.1,41.33
-93,42.04
-95.62,41.03
-92.79,43.36
-95.96,42.05
-92.87,41.03
-95.16,41.03
-91.11,41.48
-95.62,43.08
-95.62,43.38
-95.15,40.74
-94.68,43.08
-96.21,42.74
-94.68,42.73
-93.57,41.69
-95.54,41.34
-92.53,41.69
-94.24,40.74
-95.11,42.39
-90.62,41.64
-95.31,41.69
-96.18,43.08
-93.47,42.04
-92.53,42.08
-94.7,40.74
-94.24,41.03
-91.95,40.75
-92.41,41.03
-93.56,41.33
-91.72,41.34
-93.33,40.74
-94.18,42.43
-93.73,43.38
-91.84,43.29
-96.04,42.39
-93.26,43.38
-93.74,42.73
-114.66,44.39
-116.24,43.45
-116.45,44.89
-112.22,42.67
-111.33,42.28
-116.66,47.22
-112.4,43.22
-113.98,43.41
-115.73,43.99
-116.6,48.3
-111.61,43.39
-116.46,48.77
-113.17,43.72
-114.81,43.46
-116.71,43.63
-111.56,42.77
-113.6,42.28
-112.35,44.28
-115.66,46.67
-114.28,44.24
-115.47,43.35
-111.81,42.18
-111.48,44.23
-116.4,44.06
-114.81,42.97
-115.47,45.84
-112.31,43.82
-114.26,42.69
-116.7,47.67
-116.71,46.82
-113.93,44.94
-116.43,46.24
-114.14,43
-111.66,43.78
-113.64,42.85
-116.75,46.33
-112.54,42.19
-116.17,42.58
-116.76,44.01
-112.84,42.69
-115.89,47.35
-111.21,43.76
-114.67,42.36
-115.57,44.77
-116.78,44.45
-89.2,40.06
-89.2,40.06
-91.19,39.99
-89.34,37.19
-89.44,38.89
-88.82,42.32
-90.75,39.96
-89.53,41.4
-90.67,39.17
-89.93,42.07
-90.25,39.97
-88.2,40.14
-89.28,39.55
-87.79,39.33
-88.49,38.75
-89.42,38.61
-88.22,39.52
-87.82,41.84
-87.76,39
-88.24,39.27
-88.77,41.89
-88.9,40.17
-88.22,39.77
-88.09,41.85
-87.75,39.68
-88.05,38.42
-88.59,39.06
-89.02,39
-88.22,40.6
-88.92,37.99
-90.21,40.47
-88.23,37.76
-90.39,39.36
-88.42,41.29
-88.54,38.08
-91.16,40.4
-88.27,37.52
-90.93,40.82
-90.13,41.35
-87.82,40.75
-89.38,37.79
-88.15,39.01
-88.92,38.3
-90.36,39.09
-90.21,42.37
-88.88,37.46
-88.43,41.94
-87.86,41.14
-88.43,41.59
-90.21,40.93
-88,42.32
-88.89,41.34
-87.73,38.72
-89.3,41.75
-88.56,40.89
-89.37,40.12
-90.68,40.46
-88.45,42.32
-88.85,40.49
-88.96,39.86
-89.92,39.26
-89.91,38.83
-88.92,38.65
-89.35,41.03
-89.92,40.24
-88.71,37.22
-89.8,40.03
-90.74,41.21
-90.18,38.28
-89.48,39.23
-90.2,39.72
-88.62,39.64
-89.32,42.04
-89.76,40.79
-89.37,38.08
-88.59,40.01
-90.89,39.62
-88.56,37.41
-89.13,37.22
-89.29,41.2
-89.83,38.05
-88.08,38.71
-90.57,41.47
-89.93,38.47
-88.54,37.75
-89.66,39.76
-90.62,40.16
-90.47,39.64
-88.81,39.39
-89.8,41.09
-89.66,42.35
-89.51,40.51
-89.26,37.47
-87.73,40.18
-87.84,38.45
-90.61,40.85
-89.41,38.35
-88.43,38.43
-88.18,38.09
-89.91,41.76
-87.98,41.45
-88.93,37.73
-89.16,42.34
-89.21,40.79
-86.28,39.91
-84.94,40.75
-85.07,41.09
-85.9,39.21
-87.31,40.61
-85.32,40.47
-86.47,40.05
-86.23,39.2
-86.56,40.58
-86.35,40.76
-85.71,38.48
-87.12,39.39
-86.48,40.3
-86.45,38.29
-87.07,38.7
-84.97,39.15
-85.5,39.31
-85,41.4
-85.4,40.23
-86.88,38.36
-85.86,41.6
-85.18,39.64
-85.91,38.32
-87.24,40.12
-85.06,39.41
-86.26,41.05
-87.58,38.31
-85.65,40.52
-86.96,39.04
-86.05,40.07
-85.77,39.82
-86.11,38.2
-86.51,39.77
-85.4,39.93
-86.12,40.48
-85.49,40.83
-86.04,38.91
-87.12,41.02
-85.01,40.44
-85.44,38.79
-85.63,39
-86.1,39.49
-87.42,38.69
-85.86,41.24
-85.43,41.64
-87.38,41.42
-86.74,41.55
-86.48,38.84
-85.72,40.16
-86.14,39.78
-86.26,41.32
-86.8,38.71
-86.05,40.77
-86.52,39.16
-86.89,40.04
-86.45,39.48
-87.4,40.96
-85.42,41.4
-84.97,38.95
-86.5,38.54
-86.84,39.31
-87.21,39.77
-86.64,38.08
-87.23,38.4
-87.07,41.46
-87.87,38.02
-86.7,41.04
-86.85,39.67
-85.01,40.16
-85.26,39.1
-85.47,39.62
-86.29,41.62
-85.75,38.69
-85.79,39.52
-87.01,38.01
-86.65,41.28
-85,41.64
-87.41,39.09
-85.04,38.83
-86.89,40.39
-86.05,40.31
-84.93,39.63
-87.59,38.02
-87.46,39.85
-87.39,39.43
-85.79,40.85
-87.35,40.35
-87.27,38.09
-86.11,38.6
-85.01,39.86
-85.22,40.73
-86.87,40.75
-85.51,41.14
-98.38,38.48
-95.3,37.89
-95.29,38.21
-95.31,39.53
-98.68,37.23
-98.76,38.48
-94.85,37.86
-95.56,39.83
-96.84,37.78
-96.59,38.3
-96.25,37.15
-94.85,37.17
-101.73,39.79
-99.82,37.24
-97.17,39.35
-97.65,39.48
-95.73,38.24
-99.27,37.19
-96.84,37.24
-94.85,37.51
-100.46,39.78
-97.15,38.87
-95.15,39.79
-95.29,38.88
-99.31,37.89
-96.24,37.45
-99.32,38.91
-98.2,38.7
-100.74,38.04
-99.89,37.69
-95.29,38.56
-96.75,39
-100.48,38.92
-99.88,39.35
-101.31,37.56
-100.44,37.74
-101.81,38.48
-96.23,37.88
-101.79,38
-98.08,37.19
-97.43,38.04
-100.87,37.56
-99.9,38.09
-95.79,39.42
-95.38,39.24
-98.22,39.78
-94.82,38.88
-101.32,38
-98.14,37.56
-99.29,37.56
-95.3,37.19
-100.47,38.48
-95.04,39.2
-98.21,39.05
-94.84,38.21
-101.15,38.92
-96.15,38.46
-97.65,38.39
-97.1,38.36
-96.52,39.78
-100.37,37.24
-94.84,38.56
-98.21,39.39
-95.74,37.19
-96.65,38.69
-101.8,37.19
-96.01,39.78
-95.31,37.56
-99.92,38.48
-99.9,39.78
-95.73,38.65
-98.77,39.35
-97.65,39.13
-99.24,38.18
-99.35,39.78
-96.34,39.38
-98.74,37.65
-101.08,39.79
-98.09,37.95
-97.65,39.83
-98.2,38.35
-96.74,39.3
-99.32,39.35
-99.31,38.52
-98.76,38.91
-97.65,38.78
-100.91,38.48
-97.46,37.68
-100.85,37.19
-95.76,39.04
-100.44,39.35
-101.72,39.35
-98.79,39.79
-98.72,38.03
-101.78,37.56
-101.31,37.19
-97.48,37.24
-101.06,39.35
-99.87,38.91
-96.21,38.95
-101.76,38.92
-97.09,39.78
-101.35,38.48
-95.74,37.56
-95.74,37.89
-94.76,39.11
-85.29,37.53
-85.28,37.1
-86.19,36.75
-84.99,38
-89,37.06
-85.93,36.97
-83.74,38.14
-83.67,36.73
-84.73,38.97
-84.22,38.21
-82.69,38.36
-84.87,37.62
-84.09,38.69
-83.32,37.52
-86.43,37.77
-85.7,37.97
-86.68,37.21
-87.87,37.15
-88.27,36.62
-84.38,38.95
-88.97,36.85
-85.12,38.67
-83.05,38.32
-84.93,37.32
-87.49,36.89
-84.15,37.97
-83.71,37.16
-85.14,36.73
-88.1,37.35
-85.39,36.79
-87.09,37.73
-86.24,37.21
-83.1,38.12
-83.96,37.69
-84.46,38.04
-83.7,38.37
-82.75,37.56
-84.88,38.24
-89.19,36.55
-84.86,38.76
-84.54,37.64
-84.62,38.65
-88.65,36.72
-86.34,37.46
-85.55,37.26
-82.92,38.55
-86.78,37.84
-85.96,37.7
-83.22,36.86
-84.33,38.44
-85.88,37.3
-87.57,37.8
-85.12,38.45
-88.98,36.68
-87.54,37.31
-84.01,37.42
-85.66,38.19
-84.58,37.87
-82.83,37.85
-84.53,38.93
-82.95,37.35
-83.85,36.89
-85.7,37.55
-84.12,37.11
-82.73,38.07
-83.72,37.59
-83.38,37.09
-82.86,37.12
-83.38,38.53
-84.66,37.46
-88.35,37.21
-86.88,36.86
-88.08,37.02
-88.71,37.05
-84.48,36.74
-87.26,37.53
-84.28,37.72
-83.06,37.71
-85.27,37.55
-88.33,36.88
-82.51,37.8
-83.82,38.6
-86.22,37.97
-83.6,37.94
-84.87,37.81
-85.63,36.99
-85.72,36.71
-83.91,38.03
-83.26,37.92
-87.14,37.22
-85.47,37.81
-84.02,38.34
-86.85,37.48
-85.45,38.4
-84.83,38.52
-83.68,37.42
-84.36,38.7
-83.22,37.24
-82.4,37.47
-83.82,37.83
-84.58,37.1
-84.05,38.52
-84.32,37.37
-83.42,38.2
-85.06,36.99
-84.58,38.29
-85.19,38.22
-86.58,36.74
-85.33,38.03
-85.33,37.37
-87.18,36.84
-87.87,36.81
-85.34,38.61
-87.95,37.66
-86.42,36.99
-85.17,37.75
-84.83,36.8
-87.68,37.52
-84.15,36.76
-83.49,37.74
-84.74,38.04
-92.02,31.1
-92.41,30.29
-92.83,30.65
-90.91,30.2
-91.06,29.9
-92,31.08
-93.34,30.65
-93.06,32.35
-93.6,32.68
-93.88,32.58
-93.36,30.23
-92.12,32.09
-93.19,29.88
-91.85,31.67
-93,32.82
-91.64,31.45
-93.74,32.06
-91.1,30.54
-91.24,32.73
-91.05,30.85
-92.41,30.73
-91.67,32.13
-92.56,31.6
-91.73,29.9
-91.35,30.26
-92.56,32.3
-90.13,29.79
-92.81,30.27
-92.06,30.21
-90.43,29.57
-92.16,31.68
-92.66,32.6
-90.73,30.44
-91.24,32.36
-91.8,32.82
-93.1,31.72
-89.93,30.07
-92.15,32.48
-89.61,29.44
-91.6,30.71
-92.53,31.2
-93.34,32.09
-91.76,32.42
-93.55,31.56
-89.56,29.87
-90.36,29.91
-90.71,30.82
-90.8,30.03
-90.47,30.13
-92.01,30.6
-91.61,30.13
-91.44,29.7
-89.96,30.41
-90.41,30.63
-91.34,32
-90.87,29.41
-92.37,32.83
-92.32,29.85
-93.18,31.11
-90.04,30.85
-93.33,32.71
-91.31,30.46
-91.46,32.79
-91.42,30.88
-92.64,31.94
-71.81,42.26
-71.81,42.26
-70.29,41.72
-73.21,42.37
-71.11,41.8
-70.65,41.4
-70.95,42.67
-72.59,42.58
-72.63,42.14
-72.66,42.34
-71.39,42.49
-70.07,41.28
-71.21,42.16
-70.81,41.95
-71.07,42.33
-71.91,42.35
-76.77,39.04
-78.7,39.62
-76.61,39.01
-76.64,39.46
-76.57,38.54
-75.83,38.87
-77.02,39.56
-75.94,39.57
-76.99,38.51
-76.01,38.48
-77.4,39.47
-79.27,39.53
-76.32,39.56
-76.93,39.25
-76.04,39.25
-77.2,39.14
-76.85,38.83
-76.02,39.07
-76.61,38.3
-75.75,38.12
-76.1,38.77
-77.81,39.6
-75.62,38.37
-75.33,38.21
-76.61,39.31
-69.23,45.38
-69.23,45.38
-70.21,44.17
-68.6,46.66
-70.4,43.85
-70.44,44.97
-68.36,44.66
-69.77,44.41
-69.17,44.14
-69.54,44.07
-70.76,44.5
-68.65,45.4
-69.28,45.84
-69.85,43.96
-69.96,45.51
-69.15,44.5
-67.63,45.03
-70.71,43.48
-85.43,44.35
-83.59,44.69
-86.6,46.41
-85.89,42.59
-83.63,45.03
-85.14,45
-83.89,44.06
-88.37,46.66
-85.31,42.6
-83.99,43.71
-86.02,44.64
-86.41,41.95
-85.06,41.92
-85.01,42.25
-85.99,41.92
-85.13,45.3
-84.5,45.45
-84.58,46.31
-84.85,43.99
-84.6,42.94
-84.61,44.68
-86.92,45.92
-87.87,46.01
-84.84,42.6
-84.89,45.52
-83.71,43.02
-84.39,43.99
-89.69,46.41
-85.56,44.67
-84.61,43.29
-84.59,41.89
-88.69,46.9
-83.02,43.83
-84.37,42.6
-85.07,42.95
-83.64,44.36
-88.53,46.21
-84.85,43.64
-84.42,42.25
-85.53,42.25
-85.09,44.68
-85.55,43.03
-88.43,47.63
-85.8,43.99
-83.22,43.09
-85.81,44.94
-84.07,41.9
-83.91,42.6
-85.54,46.47
-85.09,46.08
-82.93,42.7
-86.06,44.33
-87.64,46.43
-86.25,44
-85.32,43.64
-87.56,45.58
-84.39,43.65
-85.09,44.34
-83.54,41.93
-85.15,43.31
-84.13,45.03
-86.15,43.29
-85.8,43.55
-83.39,42.66
-86.27,43.64
-84.13,44.34
-89.31,46.66
-85.33,43.99
-84.13,44.68
-84.6,45.02
-86,42.96
-83.92,45.34
-84.61,44.34
-84.05,43.34
-82.68,42.93
-85.53,41.91
-82.82,43.42
-86.2,46.2
-84.15,42.95
-83.42,43.46
-86.02,42.25
-83.84,42.25
-83.28,42.28
-85.58,44.34
-94.31,46.32
-93.42,46.61
-93.25,45.27
-95.67,46.93
-94.94,47.97
-94,45.7
-96.41,45.43
-94.07,44.03
-94.73,44.24
-92.68,46.59
-93.8,44.82
-94.33,46.95
-95.57,45.02
-92.91,45.5
-96.49,46.89
-95.38,47.58
-90.53,47.9
-95.18,44.01
-94.07,46.48
-93.07,44.67
-92.86,44.02
-95.45,45.93
-93.95,43.67
-92.09,43.67
-93.35,43.67
-92.72,44.41
-96.01,45.93
-93.48,45
-91.49,43.67
-94.92,47.11
-93.3,45.56
-93.63,47.51
-95.15,43.67
-93.29,45.95
-95,45.15
-96.78,48.78
-93.78,48.25
-96.17,45
-91.45,47.64
-94.9,48.77
-93.73,44.37
-96.27,44.41
-95.84,44.41
-94.27,44.82
-95.81,47.33
-96.37,48.36
-94.55,43.67
-94.53,45.12
-93.63,45.94
-94.27,46.01
-92.75,43.67
-95.76,44.02
-94.25,44.35
-95.75,43.67
-96.46,47.33
-92.4,44
-95.71,46.41
-96.04,48.07
-92.74,46.12
-96.26,44.02
-96.4,47.77
-95.44,45.59
-93.1,45.02
-96.1,47.87
-95.25,44.4
-94.95,44.73
-93.3,44.35
-96.25,43.67
-95.81,48.78
-92.47,47.6
-93.54,44.65
-93.77,45.44
-94.23,44.58
-94.61,45.55
-93.23,44.02
-96,45.59
-95.68,45.28
-94.9,46.07
-96.47,45.77
-92.23,44.28
-94.97,46.59
-93.59,44.02
-92.88,45.04
-94.61,43.98
-96.47,46.36
-91.78,43.99
-93.96,45.17
-95.87,44.72
-92.48,38.37
-92.6,40.19
-94.8,39.98
-95.43,40.43
-91.84,39.22
-93.83,36.71
-94.35,37.5
-94.34,38.26
-93.29,38.29
-90.03,37.32
-92.31,38.99
-94.81,39.66
-90.41,36.72
-93.98,39.66
-91.93,38.84
-92.77,38.03
-89.68,37.38
-93.51,39.43
-90.96,36.94
-94.35,38.65
-93.86,37.72
-92.96,39.52
-93.19,36.97
-91.74,40.41
-94.42,39.31
-94.4,39.6
-92.28,38.51
-92.81,38.84
-91.3,37.98
-93.85,37.43
-93.02,37.68
-93.99,39.96
-94.4,39.89
-91.51,37.61
-92.5,36.93
-90.09,36.27
-91.08,38.41
-91.51,38.44
-94.41,40.21
-93.34,37.26
-93.57,40.11
-93.99,40.35
-93.79,38.39
-93.32,37.94
-95.22,40.09
-92.7,39.14
-91.89,36.77
-90.77,37.56
-94.35,39.01
-94.34,37.2
-90.54,38.26
-93.81,38.74
-92.15,40.13
-92.59,37.66
-93.79,39.07
-93.83,37.11
-91.72,40.1
-90.96,39.06
-93.11,39.87
-93.55,39.78
-94.35,36.63
-92.56,39.83
-90.35,37.48
-91.92,38.16
-91.62,39.81
-93.57,40.42
-92.43,38.21
-89.29,36.83
-92.58,38.63
-92,39.5
-91.47,38.94
-92.89,38.42
-89.65,36.59
-94.34,36.91
-94.88,40.36
-91.4,36.69
-91.86,38.46
-92.44,36.65
-89.79,36.21
-89.82,37.71
-93.29,38.73
-91.79,37.88
-91.17,39.34
-94.77,39.38
-93.4,37.62
-92.21,37.82
-93.02,40.48
-91.52,39.53
-92.5,39.44
-93.99,39.35
-90.97,37.36
-90.86,36.65
-90.67,38.78
-93.78,38.04
-90.19,37.89
-90.47,37.81
-90.44,38.64
-93.2,39.14
-92.52,40.47
-92.15,40.45
-89.57,37.05
-91.4,37.16
-92.08,39.8
-89.94,36.86
-93.46,36.75
-93.11,40.21
-93.04,36.65
-91.97,37.32
-94.34,37.85
-91.16,38.76
-90.88,37.96
-90.46,37.11
-92.88,37.28
-94.42,40.48
-92.47,37.27
-90.25,38.64
145.61,15.9
-89.67,32.75
-91.35,31.48
-88.58,34.88
-90.8,31.17
-89.58,33.09
-89.19,34.82
-90.88,33.8
-89.34,33.94
-89.92,33.45
-88.95,33.92
-89.25,33.35
-90.91,31.97
-88.69,32.04
-88.78,33.66
-90.6,34.23
-90.45,31.87
-89.55,31.63
-89.99,34.88
-89.26,31.19
-90.9,31.48
-88.64,30.86
-88.64,31.21
-89.8,33.77
-89.49,30.42
-89.12,30.51
-90.44,32.27
-90.09,33.12
-90.53,33.13
-90.99,32.74
-88.36,34.28
-88.64,30.54
-89.12,32.02
-91.04,31.73
-89.82,31.57
-89.17,31.62
-88.64,32.75
-89.48,34.36
-89.51,31.21
-88.66,32.4
-90.11,31.55
-89.52,32.75
-88.68,34.29
-90.3,33.55
-90.45,31.53
-88.44,33.47
-90.03,32.63
-89.82,31.23
-89.5,34.76
-88.48,33.89
-89.62,33.49
-89.12,32.75
-89.12,32.4
-88.57,33.11
-88.88,33.42
-89.95,34.36
-89.59,30.77
-88.99,31.17
-90.4,31.17
-89.04,34.23
-88.52,34.62
-90.29,34.25
-89.95,32.26
-89.54,32.41
-90.81,32.88
-89.92,31.91
-89.51,32.02
-89.12,30.79
-90.59,33.6
-90.17,33.95
-89.94,34.65
-88.91,34.77
-88.24,34.74
-90.38,34.65
-89,34.49
-90.11,31.15
-90.85,32.36
-90.95,33.28
-88.7,31.64
-89.28,33.61
-91.31,31.16
-89.03,33.09
-89.71,34.03
-90.4,32.78
-109.64,47.03
-112.9,45.13
-107.49,45.42
-108.96,48.43
-111.5,46.33
-109.03,45.23
-104.54,45.52
-111.35,47.31
-110.44,47.88
-105.57,46.25
-105.55,48.78
-104.9,47.27
-113.07,46.06
-104.42,46.33
-109.22,47.26
-114.05,48.3
-111.17,45.54
-106.99,47.28
-112.99,48.71
-109.18,46.38
-113.44,46.4
-110.11,48.63
-112.09,46.15
-110.27,47.05
-114.09,47.65
-112.39,47.12
-111.02,48.56
-115.41,48.54
-105.8,47.65
-111.92,45.3
-110.89,46.6
-115,47.15
-113.92,47.04
-108.4,46.5
-110.53,45.49
-108.25,47.12
-107.91,48.26
-112.23,48.23
-105.63,45.39
-112.94,46.86
-105.38,46.86
-114.12,46.08
-104.56,47.79
-105.02,48.29
-106.73,46.23
-115.13,47.67
-104.5,48.72
-112.66,45.9
-109.4,45.67
-109.94,45.81
-112.24,47.84
-111.7,48.66
-107.27,46.21
-106.67,48.37
-109.84,46.47
-104.25,46.97
-108.27,45.94
-79.37,35.54
-79.4,36.04
-81.18,35.92
-81.13,36.49
-80.1,34.97
-81.5,36.43
-81.92,36.08
-76.86,35.49
-76.98,36.07
-78.56,34.61
-78.24,34.07
-82.53,35.61
-81.7,35.75
-80.55,35.39
-81.55,35.95
-76.21,36.39
-76.66,34.84
-79.33,36.39
-81.22,35.66
-79.26,35.7
-84.06,35.13
-76.61,36.15
-83.75,35.06
-81.56,35.33
-78.66,34.27
-77.09,35.12
-78.83,35.05
-76.01,36.4
-75.8,35.78
-80.21,35.79
-80.54,35.93
-77.93,34.94
-78.88,36.04
-77.6,35.91
-80.26,36.13
-78.29,36.08
-81.18,35.29
-76.7,36.44
-83.83,35.35
-78.65,36.3
-77.68,35.49
-79.79,36.08
-77.65,36.26
-78.87,35.37
-82.98,35.56
-82.48,35.34
-76.98,36.36
-79.24,35.02
-76.25,35.53
-80.87,35.81
-83.14,35.29
-78.37,35.52
-77.36,35.02
-79.17,35.48
-77.64,35.24
-81.22,35.49
-82.05,35.68
-83.42,35.15
-82.71,35.86
-77.11,35.84
-80.83,35.25
-82.16,36.01
-79.91,35.33
-79.48,35.31
-77.99,35.97
-77.88,34.23
-77.4,36.42
-77.43,34.73
-79.12,36.06
-76.74,35.14
-76.28,36.3
-77.91,34.52
-76.44,36.21
-78.97,36.39
-77.37,35.59
-82.17,35.28
-79.81,35.71
-79.75,35.01
-79.1,34.64
-79.77,36.4
-80.52,35.64
-81.92,35.4
-78.37,34.99
-79.48,34.84
-80.25,35.31
-80.24,36.4
-80.69,36.41
-83.49,35.49
-82.8,35.2
-76.21,35.82
-80.53,34.99
-78.41,36.36
-78.65,35.79
-78.11,36.4
-76.58,35.82
-81.7,36.23
-78,35.36
-81.16,36.21
-77.92,35.71
-80.67,36.16
-82.31,35.9
-100.47,47.45
-100.47,47.45
-102.53,46.1
-98.07,46.94
-99.37,48.07
-103.38,47.02
-100.83,48.79
-103.52,46.11
-102.52,48.79
-100.47,46.98
-97.25,46.93
-98.46,48.77
-98.5,46.11
-103.49,48.81
-102.62,47.36
-98.9,47.72
-100.24,46.29
-98.88,47.46
-103.85,46.94
-97.46,47.92
-101.64,46.36
-98.24,47.46
-102.46,46.43
-99.78,46.98
-98.54,46.46
-99.48,46.46
-100.64,48.23
-99.44,46.11
-103.4,47.74
-101.32,47.61
-101.83,47.31
-101.28,46.72
-102.36,48.2
-98.19,47.92
-101.34,47.12
-97.55,48.77
-99.97,48.25
-98.72,48.27
-97.66,46.46
-101.66,48.72
-96.95,46.26
-99.84,48.77
-97.63,46.11
-100.35,47.58
-101.04,46.11
-103.46,46.45
-102.66,46.81
-97.72,47.46
-98.96,46.98
-99.25,48.69
-97.16,47.45
-97.72,48.37
-101.54,48.22
-99.66,47.59
-103.48,48.34
-99.81,41.53
-98.5,40.52
-98.07,42.18
-101.7,41.57
-103.71,41.55
-99.98,41.91
-98.07,41.71
-103.09,42.22
-98.77,42.9
-99.93,42.43
-99.08,40.86
-96.33,41.85
-97.13,41.23
-96.14,40.91
-97.25,42.6
-101.7,40.52
-101.12,42.54
-102.99,41.22
-98.05,40.52
-97.09,41.57
-96.79,41.92
-99.73,41.39
-96.56,42.39
-103.14,42.72
-99.82,40.87
-102.33,41.11
-96.87,42.49
-96.65,41.58
-96.15,41.3
-101.69,40.18
-97.6,40.53
-98.95,40.18
-100.39,40.53
-99.91,40.18
-96.69,40.26
-102.34,41.62
-98.99,41.91
-99.83,40.51
-101.74,41.91
-98.52,41.57
-98.5,40.87
-98.02,40.87
-99.4,40.18
-101.06,40.52
-101.04,40.18
-98.78,42.46
-101.14,41.92
-98.52,41.22
-97.14,40.18
-96.27,40.39
-98.95,40.51
-101.66,41.2
-99.71,42.88
-103.71,41.2
-97.89,42.64
-96.69,40.78
-100.75,41.05
-100.48,41.57
-99.45,41.91
-101.06,41.57
-97.6,41.92
-98.04,41.17
-103.01,41.72
-97.99,41.4
-95.85,40.39
-98.05,40.18
-96.13,40.65
-96.24,40.13
-101.65,40.85
-99.41,40.51
-97.6,42.26
-97.52,41.57
-97.57,41.19
-100.48,40.18
-95.72,40.12
-99.45,42.42
-97.14,40.52
-96.11,41.11
-96.64,41.23
-103.71,41.85
-97.14,40.87
-102.41,42.5
-98.98,41.22
-103.76,42.49
-97.19,41.92
-97.59,40.18
-100.56,41.91
-96.54,42.16
-98.98,41.57
-96.22,41.53
-97.12,42.21
-98.5,40.18
-98.53,41.91
-97.6,40.87
-71.58,43.69
-71.42,43.52
-71.2,43.87
-72.25,42.92
-71.31,44.69
-71.82,43.94
-71.72,42.92
-71.68,43.3
-71.13,42.99
-71.03,43.3
-72.22,43.36
-74.67,40.2
-74.66,39.48
-74.07,40.96
-74.67,39.88
-74.96,39.8
-74.8,39.15
-75.11,39.37
-74.25,40.79
-75.14,39.72
-74.08,40.74
-74.91,40.57
-74.7,40.28
-74.41,40.44
-74.22,40.26
-74.54,40.86
-74.28,39.89
-74.3,41.03
-75.35,39.59
-74.62,40.56
-74.69,41.14
-74.31,40.66
-75,40.86
-106.11,34.42
-106.67,35.05
-108.4,33.92
-104.47,33.36
-108,34.91
-104.65,36.61
-103.35,34.57
-104.41,34.34
-106.83,32.35
-104.3,32.47
-108.38,32.74
-104.79,34.86
-103.82,35.86
-108.71,31.91
-103.41,32.79
-105.46,33.75
-106.31,35.87
-107.75,32.18
-108.26,35.58
-104.94,36.01
-105.74,32.61
-103.55,35.1
-106.69,36.51
-103.48,34.02
-106.87,35.69
-108.32,36.51
-104.82,35.48
-105.98,35.51
-107.19,33.13
-106.93,34.01
-105.63,36.58
-105.85,34.64
-103.47,36.48
-106.81,34.72
-116.66,39.36
-118.34,39.58
-115.01,36.22
-119.62,38.91
-115.36,41.15
-117.63,37.78
-116.27,39.98
-118.11,41.41
-117.04,39.93
-114.88,37.64
-119.19,39.02
-118.44,38.54
-116.47,38.04
-118.4,40.44
-119.53,39.45
-119.66,40.67
-114.9,39.44
-119.75,39.15
-75.52,42.95
-73.97,42.6
-78.03,42.26
-73.87,40.85
-75.82,42.16
-78.68,42.25
-76.55,42.92
-79.37,42.23
-76.76,42.14
-75.61,42.49
-73.68,44.75
-73.63,42.25
-76.07,42.6
-74.97,42.2
-73.74,41.77
-78.73,42.76
-73.77,44.12
-74.3,44.59
-74.42,43.11
-78.19,43
-74.12,42.28
-74.5,43.66
-74.96,43.42
-75.92,44.05
-73.94,40.64
-75.45,43.78
-77.78,42.73
-75.67,42.91
-77.7,43.15
-74.44,42.9
-73.59,40.73
-73.97,40.78
-78.75,43.2
-75.44,43.24
-76.19,43.01
-77.3,42.85
-74.31,41.4
-78.23,43.25
-76.14,43.43
-75.03,42.63
-73.75,41.43
-73.82,40.7
-73.51,42.71
-74.15,40.58
-74.02,41.15
-75.07,44.5
-73.86,43.11
-74.06,42.82
-74.44,42.59
-76.88,42.39
-76.82,42.78
-77.38,42.27
-72.84,40.87
-74.77,41.72
-76.31,42.17
-76.47,42.45
-74.26,41.89
-73.85,43.56
-73.43,43.31
-77.03,43.16
-73.76,41.16
-78.22,42.7
-77.11,42.63
-82.79,40.29
-83.47,38.85
-84.11,40.77
-82.27,40.85
-80.75,41.71
-82.05,39.33
-84.22,40.56
-80.99,40.02
-83.87,38.93
-84.58,39.44
-81.09,40.58
-83.77,40.14
-83.78,39.92
-84.15,39.05
-83.81,39.41
-80.78,40.77
-81.92,40.3
-82.92,40.85
-81.66,41.42
-84.62,40.13
-84.49,41.32
-83,40.28
-82.62,41.36
-82.63,39.75
-83.46,39.56
-83.01,39.97
-84.13,41.6
-82.32,38.82
-81.18,41.5
-83.89,39.69
-81.49,40.05
-84.54,39.2
-83.67,41
-83.66,40.66
-81.09,40.29
-84.07,41.33
-83.6,39.18
-82.48,39.5
-81.93,40.56
-82.6,41.15
-82.62,39.02
-80.76,40.39
-82.42,40.4
-81.24,41.7
-82.54,38.6
-82.48,40.09
-83.77,40.39
-82.15,41.3
-83.66,41.62
-83.4,39.89
-80.78,41.01
-83.16,40.59
-81.9,41.12
-82.02,39.08
-84.63,40.54
-84.23,40.05
-81.08,39.73
-84.29,39.75
-81.85,39.62
-82.79,40.52
-81.94,39.97
-81.46,39.77
-83.14,41.54
-84.58,41.12
-82.24,39.74
-83.02,39.64
-83.07,39.08
-81.2,41.17
-84.65,39.74
-84.13,41.02
-82.54,40.77
-83.06,39.34
-83.15,41.36
-82.99,38.8
-83.13,41.12
-84.2,40.33
-81.37,40.81
-81.53,41.13
-80.76,41.32
-81.47,40.44
-83.37,40.3
-84.59,40.86
-82.49,39.25
-84.17,39.43
-81.5,39.46
-81.89,40.83
-84.59,41.56
-83.62,41.36
-83.3,40.84
-97.51,35.58
-94.66,35.88
-98.32,36.73
-96.04,34.37
-100.48,36.75
-99.68,35.27
-98.43,35.88
-96.26,33.96
-98.38,35.17
-97.98,35.54
-97.29,34.25
-95,35.91
-95.55,34.03
-102.52,36.75
-97.33,35.2
-96.3,34.59
-98.47,34.66
-98.37,34.29
-95.21,36.76
-96.37,35.9
-99,35.64
-94.8,36.41
-99.01,35.99
-99.75,36.22
-97.78,36.38
-97.31,34.7
-97.88,35.02
-97.79,36.8
-99.56,34.94
-99.85,34.74
-99.67,36.79
-95.12,35.22
-96.25,35.05
-99.41,34.59
-97.84,34.11
-96.66,34.32
-97.14,36.82
-97.94,35.95
-98.98,34.92
-95.25,34.88
-94.7,34.9
-96.88,35.7
-97.44,35.92
-97.24,33.95
-97.44,35.01
-94.77,34.12
-95.67,35.37
-98.54,36.31
-96.77,34.02
-95.23,36.3
-97.07,34.48
-95.38,35.62
-97.23,36.39
-95.62,36.8
-96.32,35.47
-97.41,35.55
-95.96,35.65
-96.4,36.63
-94.81,36.84
-96.7,36.32
-96.98,36.08
-95.75,34.92
-96.68,34.73
-96.95,35.21
-95.38,34.42
-99.7,35.69
-95.6,36.37
-96.62,35.17
-94.76,35.5
-97.85,34.49
-101.49,36.75
-98.92,34.37
-95.94,36.12
-95.52,35.96
-95.9,36.72
-98.99,35.29
-98.87,36.77
-99.27,36.42
-120.55,43.94
-117.68,44.71
-123.43,44.49
-122.22,45.19
-123.66,46
-123.09,45.94
-124.06,43.17
-120.36,44.14
-124.16,42.46
-121.23,43.92
-123.17,43.28
-120.21,45.38
-119.01,44.49
-118.97,43.06
-121.65,45.52
-122.73,42.43
-121.18,44.63
-123.56,42.37
-121.65,42.69
-120.39,42.79
-122.85,43.94
-123.87,44.64
-122.53,44.49
-117.62,43.19
-122.58,44.9
-119.58,45.42
-122.41,45.55
-123.41,44.9
-120.69,45.41
-123.71,45.46
-118.74,45.59
-118.01,45.31
-117.18,45.58
-121.17,45.16
-123.1,45.56
-120.03,44.73
-123.31,45.23
-77.8,40.87
-77.22,39.87
-79.98,40.47
-79.46,40.81
-80.35,40.68
-78.49,40.01
-75.93,40.42
-78.35,40.48
-76.52,41.79
-75.11,40.34
-79.91,40.91
-78.71,40.5
-78.2,41.44
-75.71,40.92
-77.82,40.92
-75.75,39.97
-79.42,41.19
-78.47,41
-77.64,41.23
-76.41,41.05
-80.11,41.68
-77.27,40.16
-76.78,40.42
-75.4,39.92
-78.65,41.43
-80.03,41.99
-79.65,39.92
-79.24,41.51
-77.72,39.93
-78.11,39.93
-80.22,39.85
-77.98,40.42
-79.09,40.65
-79,41.13
-77.4,40.53
-75.61,41.44
-76.25,40.04
-80.33,40.99
-76.46,40.37
-75.59,40.61
-75.99,41.18
-77.06,41.34
-78.57,41.81
-80.26,41.3
-77.62,40.61
-75.34,41.06
-75.37,40.21
-76.66,41.03
-75.31,40.75
-76.71,40.85
-77.26,40.4
-75.13,40.01
-75.03,41.33
-77.9,41.74
-76.22,40.71
-77.07,40.77
-79.03,39.97
-76.51,41.45
-75.8,41.82
-77.25,41.77
-77.06,40.96
-79.76,41.4
-79.27,41.81
-80.25,40.19
-75.3,41.65
-79.47,40.31
-76.02,41.52
-76.73,39.92
-66.47,18.22
-66.75,18.18
-67.18,18.36
-67.12,18.46
-66.13,18.25
-66.26,18.13
-67.12,18.29
-66.68,18.41
-66.06,18
-66.56,18.45
-66.31,18.2
-66.17,18.35
-67.15,18.04
-66.05,18.21
-66.86,18.42
-65.89,18.33
-65.96,18.38
-66.14,18.44
-66.15,18.1
-65.66,18.25
-66.52,18.29
-66.16,18.17
-66.36,18.1
-66.22,18.22
-66.33,18.3
-65.29,18.31
-66.28,18.44
-65.67,18.32
-66.56,18.37
-66.92,17.98
-66.14,18
-66.79,18.04
-66.11,18.34
-65.98,18.27
-66.8,18.41
-67.11,18.13
-65.81,18.15
-67.01,18.45
-66.59,18.21
-66.5,18.05
-65.91,18.22
-67.04,18.01
-66.87,18.27
-66.98,18.24
-65.87,18.19
-65.9,18.43
-65.72,18.34
-66.49,18.42
-66.94,18.17
-65.92,18.02
-67.33,18.18
-67.08,18.38
-66.42,18.32
-65.75,18.23
-66.25,18.29
-66.43,18.21
-66.01,18.03
-66.72,18.06
-66.61,18.06
-66.93,18.44
-67.23,18.34
-65.81,18.35
-66.94,18.08
-66.26,18.01
-67.04,18.11
-66.06,18.39
-65.98,18.15
-66.97,18.33
-66.39,17.99
-66.25,18.36
-66.21,18.43
-66,18.34
-66.7,18.27
-66.34,18.41
-66.4,18.43
-65.44,18.12
-66.47,18.13
-65.9,18.07
-66.86,18.08
-71.55,41.68
-71.28,41.72
-71.59,41.67
-71.24,41.56
-71.58,41.87
-71.62,41.47
-80.9,33.91
-82.46,34.22
-81.63,33.54
-81.36,32.99
-82.64,34.52
-81.05,33.21
-81.43,33.27
-80.73,32.39
-79.95,33.2
-80.78,33.67
-79.95,32.83
-81.62,35.05
-81.16,34.69
-80.16,34.64
-80.22,33.67
-80.67,32.86
-79.96,34.33
-79.38,34.39
-80.41,33.08
-81.97,33.77
-81.12,34.4
-79.7,34.02
-79.33,33.43
-82.37,34.89
-82.13,34.15
-81.14,32.78
-79,33.92
-81.03,32.44
-80.59,34.34
-80.71,34.69
-82.01,34.48
-80.25,34.16
-81.27,33.9
-82.31,33.9
-79.36,34.08
-79.68,34.6
-81.6,34.29
-83.07,34.75
-80.8,33.44
-82.73,34.89
-80.9,34.02
-81.73,34.01
-81.99,34.93
-80.38,33.92
-81.62,34.69
-79.73,33.62
-81.18,34.97
-100.23,44.44
-98.56,43.72
-98.28,44.41
-101.66,43.19
-97.88,42.99
-96.79,44.37
-98.35,45.59
-99.08,43.72
-99.2,44.08
-103.51,44.91
-100.05,45.77
-98.59,43.21
-97.73,44.86
-96.98,42.91
-97.19,44.98
-101.2,45.71
-103.45,43.68
-98.15,43.67
-97.61,45.37
-96.67,44.76
-100.87,45.16
-98.37,43.39
-99.22,45.42
-103.53,43.24
-99.15,45.07
-96.77,45.17
-99.19,43.19
-101.54,44.29
-97.19,44.67
-99,44.55
-97.79,43.67
-103.5,45.58
-100,44.39
-97.75,43.33
-99.49,44.55
-101.63,43.69
-98.63,44.07
-100.69,43.96
-97.49,44.37
-97.13,44.02
-103.79,44.36
-96.72,43.28
-99.85,43.9
-97.37,43.67
-99.22,45.77
-97.6,45.76
-102.72,44.57
-100.76,43.58
-97.61,44.02
-96.79,43.67
-96.67,44.02
-102.55,43.34
-102.82,44
-102.48,45.49
-99.96,45.06
-96.95,45.63
-98.09,44.02
-98.35,44.94
-100.74,44.41
-100.13,44.72
-100.72,43.19
-99.88,43.35
-97.15,43.31
-96.66,42.83
-100.03,45.43
-97.39,43.01
-101.67,44.98
-86.34,35.84
-84.2,36.12
-86.46,35.51
-88.07,36.07
-85.21,35.6
-83.93,35.69
-84.86,35.15
-84.15,36.4
-86.06,35.81
-88.45,35.97
-82.13,36.29
-87.09,36.26
-88.61,35.42
-83.66,36.49
-85.54,36.55
-83.12,35.93
-86.07,35.49
-89.14,35.81
-85,35.95
-86.78,36.17
-88.11,35.6
-85.83,35.98
-87.36,36.15
-89.41,36.06
-89.41,35.2
-84.93,36.38
-86.09,35.16
-88.93,36
-87.03,35.2
-83.51,36.28
-82.85,36.18
-85.72,35.39
-83.27,36.22
-85.16,35.18
-83.22,36.52
-88.99,35.21
-88.18,35.2
-82.94,36.44
-89.28,35.58
-88.39,35.65
-88.3,36.33
-87.47,35.8
-87.72,36.29
-87.78,36.04
-85.67,36.36
-83.45,36.05
-81.85,36.45
-83.94,35.99
-89.49,36.34
-89.63,35.76
-87.4,35.22
-87.49,35.53
-86.59,35.14
-84.31,35.73
-84.62,35.42
-88.56,35.18
-86.01,36.53
-88.84,35.61
-85.62,35.13
-86.76,35.47
-87.08,35.62
-84.81,35.51
-84.25,35.44
-87.38,36.5
-86.36,35.28
-84.65,36.14
-89.15,36.36
-85.29,36.34
-87.86,35.64
-85.08,36.56
-84.52,35.12
-85.5,36.14
-84.92,35.61
-84.52,35.85
-86.87,36.53
-86.42,35.84
-84.5,36.43
-85.41,35.37
-83.52,35.78
-89.9,35.18
-85.96,36.25
-87.84,36.5
-82.3,36.51
-86.46,36.47
-89.76,35.5
-86.16,36.39
-82.43,36.11
-83.84,36.29
-85.45,35.7
-85.78,35.68
-82.5,36.29
-87.79,35.24
-88.72,36.3
-85.46,35.93
-86.9,35.89
-86.3,36.15
-99.35,31.47
-95.65,31.81
-102.64,32.31
-94.61,31.25
-96.99,28.12
-98.69,33.62
-101.36,34.96
-98.53,28.89
-96.28,29.89
-102.83,34.07
-99.25,29.75
-97.31,30.1
-99.21,33.62
-97.74,28.42
-97.48,31.04
-98.52,29.45
-98.4,30.27
-101.43,32.74
-97.63,31.9
-94.42,33.45
-95.45,29.19
-96.3,30.66
-103.25,29.81
-101.21,34.53
-98.22,27.03
-99,31.77
-96.62,30.49
-98.18,30.79
-97.62,29.84
-96.6,28.51
-99.37,32.3
-97.52,26.13
-94.98,32.97
-101.35,35.4
-94.34,33.08
-102.26,34.53
-94.61,29.74
-95.17,31.84
-100.21,34.53
-98.21,33.79
-102.83,33.6
-100.53,31.89
-99.45,31.77
-96.57,33.19
-100.27,34.96
-96.53,29.62
-98.28,29.81
-98.56,31.95
-99.86,31.33
-97.21,33.64
-97.8,31.39
-100.28,34.08
-102.52,31.43
-101.41,30.72
-101.3,33.61
-104.52,31.45
-102.6,36.28
-96.78,32.77
-101.95,32.74
-102.61,34.97
-95.67,33.39
-97.12,33.21
-97.36,29.08
-100.78,33.62
-99.76,28.42
-100.81,34.97
-98.51,27.68
-98.83,32.33
-102.54,31.87
-100.3,29.98
-96.79,32.35
-106.23,31.77
-98.22,32.24
-96.94,31.25
-96.11,33.59
-96.92,29.88
-100.4,32.74
-101.3,34.07
-99.78,33.97
-95.77,29.53
-95.22,33.18
-96.15,31.7
-99.11,28.87
-102.64,32.74
-94.96,29.39
-101.3,33.18
-98.95,30.32
-101.52,31.87
-97.43,28.66
-97.49,29.46
-100.81,35.4
-96.68,33.63
-94.82,32.48
-95.99,30.54
-97.95,29.58
-101.83,34.07
-100.68,34.53
-98.11,31.7
-101.35,36.28
-99.75,34.29
-94.39,30.33
-95.39,29.86
-94.37,32.55
-102.6,35.84
-99.73,33.18
-98.03,30.06
-100.27,35.84
-95.85,32.21
-98.18,26.4
-97.13,31.99
-102.34,33.61
-97.83,32.43
-95.56,33.15
-95.42,31.32
-101.44,32.31
-105.39,31.46
-96.09,33.12
-101.35,35.84
-100.98,31.3
-98.17,33.23
-96.58,28.95
-94.03,30.74
-104.14,30.72
-94.16,29.88
-98.7,27.04
-98.09,27.73
-97.37,32.38
-99.88,32.74
-97.86,28.91
-96.29,32.6
-98.71,29.94
-97.7,26.93
-100.78,33.18
-99.35,30.06
-99.75,30.49
-100.26,33.62
-100.42,29.35
-97.73,27.43
-99.74,33.61
-95.57,33.67
-102.35,34.07
-98.24,31.2
-99.1,28.34
-96.93,29.38
-96.97,30.31
-96,31.3
-94.81,30.15
-96.58,31.55
-100.27,36.28
-98.12,28.35
-98.68,30.71
-103.58,31.85
-101.82,33.61
-101.82,33.18
-99.35,31.2
-97.2,31.55
-98.57,28.35
-95.93,30.97
-94.36,32.8
-101.95,32.31
-99.23,30.72
-96.01,28.82
-100.31,28.74
-99.11,29.36
-99.82,30.89
-102.03,31.87
-96.98,30.79
-98.6,31.5
-100.92,32.31
-97.72,33.68
-95.5,30.3
-101.89,35.84
-94.73,33.11
-100.78,34.07
-94.62,31.62
-96.47,32.05
-93.74,30.79
-100.41,32.3
-97.61,27.73
-100.82,36.28
-102.6,35.41
-93.89,30.12
-98.31,32.75
-94.31,32.16
-97.81,32.78
-102.78,34.53
-102.72,30.78
-94.83,30.79
-101.89,35.4
-104.24,30
-95.79,32.87
-101.9,34.97
-101.52,31.37
-99.82,29.83
-95.05,33.62
-103.69,31.32
-97.17,28.33
-100.81,35.84
-96.51,31.03
-96.41,32.9
-99.98,31.83
-94.76,32.11
-93.85,31.34
-94.17,31.39
-95.17,30.58
-97.52,28.01
-98.82,31.16
-100.54,30.9
-100.92,32.75
-99.35,32.74
-94.14,31.79
-101.89,36.28
-95.27,32.37
-97.77,32.22
-98.74,26.56
-98.84,32.74
-101.05,31.83
-100.25,33.18
-100.54,30.5
-101.73,34.53
-97.29,32.77
-99.89,32.3
-102.08,30.22
-102.34,33.17
-99.21,33.18
-94.97,33.22
-100.46,31.4
-97.78,30.33
-95.14,31.09
-94.38,30.77
-94.94,32.74
-102.04,31.37
-99.76,29.36
-101.15,29.89
-95.84,32.56
-96.97,28.8
-95.57,30.74
-95.99,30.01
-103.1,31.51
-96.4,30.21
-99.33,27.76
-96.22,29.28
-100.27,35.4
-98.7,33.99
-99.24,34.08
-97.66,26.47
-97.6,30.65
-98.09,29.17
-103.05,31.85
-97.65,33.22
-95.38,32.79
-102.83,33.17
-98.69,33.18
-99.17,27
-99.76,28.87
-111.66,39.28
-113.24,38.36
-113.08,41.52
-111.74,41.72
-110.59,39.65
-109.51,40.89
-112.11,40.99
-110.43,40.3
-110.7,39
-111.44,37.85
-109.57,38.98
-113.29,37.86
-112.78,39.7
-111.89,37.29
-113.1,39.07
-111.57,41.09
-112.13,38.34
-111.24,41.63
-111.92,40.67
-109.8,37.63
-111.58,39.37
-111.8,38.75
-110.96,40.87
-113.13,40.45
-109.52,40.12
-111.67,40.12
-111.17,40.33
-113.5,37.28
-110.9,38.32
-111.91,41.27
-78.83,37.52
-75.63,37.76
-78.56,38.02
-80.01,37.79
-77.98,37.34
-79.15,37.6
-78.81,37.37
-77.1,38.88
-79.13,38.16
-79.74,38.06
-79.52,37.32
-81.13,37.13
-79.81,37.56
-77.86,36.76
-82.04,37.27
-78.53,37.57
-79.1,37.21
-77.35,38.03
-80.73,36.73
-77.06,37.36
-78.66,37.01
-77.59,37.38
-78,39.11
-80.21,37.48
-77.96,38.49
-78.24,37.51
-82.35,37.13
-77.63,37.08
-76.95,37.94
-77.28,38.84
-77.81,38.74
-80.36,36.93
-78.28,37.84
-79.88,36.99
-78.26,39.2
-80.7,37.31
-76.54,37.42
-77.92,37.72
-81.22,36.66
-78.47,38.3
-77.56,36.68
-78.94,36.77
-77.49,37.76
-77.41,37.54
-79.87,36.68
-79.57,38.36
-76.73,36.89
-76.78,37.33
-76.9,37.72
-77.16,38.27
-77.09,37.71
-76.46,37.73
-83.13,36.71
-77.64,39.09
-77.96,37.98
-78.24,36.95
-78.28,38.41
-76.34,37.44
-78.36,36.68
-76.57,37.63
-80.39,37.17
-78.89,37.79
-77,37.51
-75.88,37.34
-76.42,37.89
-78.05,37.14
-78.01,38.25
-78.48,38.62
-80.28,36.68
-79.4,36.82
-77.92,37.55
-78.44,37.22
-77.22,37.19
-77.48,38.7
-80.71,37.06
-78.16,38.68
-76.73,37.94
-80.07,37.27
-79.45,37.81
-78.88,38.51
-82.1,36.93
-82.6,36.71
-78.57,38.86
-81.54,36.84
-77.11,36.72
-77.66,38.18
-77.46,38.42
-76.9,37.11
-77.26,36.92
-81.56,37.12
-78.21,38.91
-81.96,36.72
-76.8,38.11
-82.62,36.98
-81.08,36.92
-76.56,37.24
-77.09,38.82
-82.16,36.62
-79.36,37.73
-78.49,38.04
-76.3,36.68
-77.4,37.27
-79.99,37.78
-79.41,36.58
-77.54,36.7
-77.3,38.85
-77.18,38.88
-76.94,36.68
-77.49,38.3
-80.92,36.67
-76.36,37.06
-78.87,38.44
-77.3,37.29
-79.44,37.78
-79.19,37.4
-77.48,38.75
-77.45,38.77
-79.86,36.68
-76.52,37.11
-76.26,36.89
-82.63,36.93
-77.39,37.2
-76.36,37.13
-76.35,36.85
-80.56,37.12
-77.48,37.53
-79.96,37.28
-80.06,37.29
-79.06,38.16
-76.64,36.7
-76.04,36.73
-78.9,38.07
-76.71,37.27
-78.17,39.17
-64.8,17.96
-72.66,44.08
-73.14,44.03
-73.09,43.04
-72.1,44.46
-73.08,44.46
-71.74,44.73
-72.91,44.86
-73.29,44.8
-72.64,44.61
-72.38,44.01
-72.24,44.83
-73.04,43.58
-72.61,44.27
-72.71,42.99
-72.59,43.58
-120.44,47.38
-118.56,46.98
-117.2,46.19
-119.51,46.24
-120.62,47.87
-123.93,48.05
-122.48,45.78
-117.91,46.3
-122.68,46.19
-119.69,47.74
-118.52,48.47
-118.9,46.53
-117.55,46.43
-119.45,47.21
-123.77,47.15
-122.55,48.16
-123.6,47.75
-121.81,47.49
-122.67,47.61
-120.68,47.12
-120.79,45.87
-122.39,46.58
-118.42,47.58
-123.19,47.35
-119.74,48.55
-123.7,46.56
-117.27,48.53
-122.1,47.02
-122.96,48.58
-121.73,48.48
-121.91,46.02
-121.7,48.05
-117.4,47.62
-117.86,48.4
-122.83,46.93
-123.42,46.29
-118.48,46.23
-121.72,48.83
-117.52,46.9
-120.74,46.46
-90.01,44.64
-89.77,43.97
-90.68,46.32
-91.85,45.42
-91.2,46.52
-88,44.45
-91.75,44.38
-92.37,45.86
-88.22,44.08
-91.28,45.07
-90.61,44.73
-89.33,43.47
-90.93,43.24
-89.42,43.07
-88.71,43.42
-87.31,44.95
-91.92,46.43
-91.9,44.95
-91.29,44.73
-88.4,45.85
-88.49,43.75
-88.77,45.67
-90.71,42.87
-89.6,42.68
-89.04,43.8
-90.14,43
-90.24,46.26
-90.81,44.32
-88.78,43.02
-90.11,43.92
-88.04,42.58
-87.62,44.52
-91.12,43.91
-90.13,42.66
-89.07,45.26
-89.73,45.34
-87.81,44.12
-89.76,44.9
-88.03,45.38
-89.4,43.82
-88.71,45
-87.97,43.01
-90.62,43.95
-88.27,45.03
-89.52,45.71
-88.46,44.42
-87.95,43.38
-92,44.58
-92.42,44.72
-92.44,45.46
-89.5,44.48
-90.36,45.68
-88.06,42.75
-90.43,43.38
-89.07,42.67
-91.13,45.48
-92.45,45.03
-89.95,43.43
-91.14,45.88
-88.77,44.79
-87.95,43.72
-90.5,45.21
-91.36,44.3
-90.83,43.59
-89.51,46.05
-88.54,42.67
-91.79,45.9
-88.23,43.37
-88.3,43.02
-88.96,44.47
-89.24,44.11
-88.64,44.07
-90.04,44.46
-80.61,38.64
-80,39.13
-78.03,39.46
-81.71,38.02
-80.72,38.7
-80.58,40.27
-82.24,38.42
-81.12,38.84
-81.08,38.46
-80.71,39.27
-81.08,38.03
-80.86,38.92
-79.2,39.11
-80.45,37.95
-78.61,39.32
-80.57,40.52
-78.86,39.01
-80.38,39.28
-81.67,38.83
-77.86,39.31
-81.53,38.34
-80.5,39
-82.07,38.18
-81.94,37.83
-81.65,37.38
-80.24,39.51
-80.66,39.86
-82.03,38.77
-81.11,37.41
-78.94,39.41
-82.13,37.73
-80.05,39.63
-80.55,37.56
-78.26,39.56
-80.8,38.29
-80.62,40.1
-79.35,38.68
-81.16,39.37
-80.01,38.33
-79.67,39.47
-81.91,38.51
-81.25,37.77
-79.88,38.77
-81.06,39.18
-81.35,38.71
-80.86,37.66
-80.05,39.34
-79.56,39.11
-80.88,39.47
-80.23,38.9
-82.43,38.15
-80.42,38.49
-80.64,39.61
-81.38,39.02
-81.52,39.21
-81.55,37.61
-107.55,43
-105.72,41.65
-108,44.53
-105.55,44.25
-106.93,41.69
-105.51,42.97
-104.57,44.59
-108.63,43.04
-104.35,42.09
-108.44,43.72
-106.58,44.04
-104.69,41.31
-110.66,42.26
-106.8,42.96
-104.48,43.06
-109.59,44.52
-104.97,42.13
-106.88,44.79
-109.91,42.77
-108.88,41.66
-110.59,43.93
-110.55,41.29
-107.68,43.9
-104.57,43.84
-56.04,-32.79
63.17,41.75
12.45,41.9
-61.2,13.2
-66.15,7.13
-64.8,17.96
106.3,16.64
20.89,42.58
47.59,15.91
45.15,-12.82
25.09,-29
26.45,-32.15
26.87,-28.61
28.13,-26.11
30.73,-28.73
29.29,-23.79
30.3,-25.87
21.4,-29.45
25.52,-26.27
20.62,-33.01
27.78,-13.48
29.88,-19.02